ID,Type,SKU,"GTIN, UPC, EAN, or ISBN",Name,Published,"Is featured?","Visibility in catalog","Short description",Description,"Date sale price starts","Date sale price ends","Tax status","Tax class","In stock?",Stock,"Low stock amount","Backorders allowed?","Sold individually?","Weight (kg)","Length (cm)","Width (cm)","Height (cm)","Allow customer reviews?","Purchase note","Sale price","Regular price",Categories,Tags,"Shipping class",Images,"Download limit","Download expiry days",Parent,"Grouped products",Upsells,Cross-sells,"External URL","Button text",Position,Brands
536,simple,32952767614,,"Embossing Rolling Pin",1,0,visible,,"<ul>\n<li>ItemType:EmbossingRollingPin</li>\n<li>Color:Yellow</li>\n<li>Material:NaturalWood</li>\n<li>Size:35x5cm/13.77x1.96inch</li>\n<li>PackageIncludes:</li>\n<li>1xEmbossingRollingPin</li>\n</ul>\n[gallery columns=""1"" size=""large""]",,,taxable,,1,,,0,0,,,,,1,,,19.48,"BAKING TOOLS",,,"https://luxuraboudoir.com/wp-content/uploads/2023/08/m.jpg, https://luxuraboudoir.com/wp-content/uploads/2023/08/21422-jztpgx.jpg, https://luxuraboudoir.com/wp-content/uploads/2023/08/21422-sjdxx2.jpg",,,,,,,,,0,
537,simple,32784670011,,"Flowers and Leaves Cake Decoration Molds Set",1,0,visible,,"<ul>\n<li>ItemType:CakeDecorationMoldsSet</li>\n<li>Material:Plastic</li>\n<li>Color:White</li>\n<li>PackageIncludes:</li>\n<li>1xMold</li>\n</ul>\n[gallery columns=""1"" size=""full""]",,,taxable,,1,,,0,0,,,,,1,,,15.64,"BAKING TOOLS",,,"https://luxuraboudoir.com/wp-content/uploads/2023/08/Flowers-and-Leaves-Cake-Decoration-Molds-Set.jpg, https://luxuraboudoir.com/wp-content/uploads/2023/08/21452-849rui.jpg, https://luxuraboudoir.com/wp-content/uploads/2023/08/21452-a5qxji-768x768-1.jpg",,,,,,,,,0,
538,simple,33012448089,,"Golden Pearl Sprinkles in Different Sizes",1,0,visible,,"<ul>\n 	<li>ItemType:Sprinkles</li>\n 	<li>Material:Sugar</li>\n 	<li>Size:0.2cm/0.08inch,0.4cm/0.16inch,0.6cm/0.24inch,1cm/0.39inch</li>\n 	<li>Weight:15g/0.03lbs</li>\n 	<li>Color:Gold</li>\n 	<li>PackageIncludes:</li>\n 	<li>1xBagofSprinkles</li>\n</ul>",,,taxable,,1,,,0,0,,,,,1,,,9.95,"BAKING TOOLS",,,"https://luxuraboudoir.com/wp-content/uploads/2023/08/Golden-Pearl-Sprinkles-in-Different-Sizes.jpg, https://luxuraboudoir.com/wp-content/uploads/2023/08/21439-svkjkt.jpg, https://luxuraboudoir.com/wp-content/uploads/2023/08/21439-vjmbbv.jpg, https://luxuraboudoir.com/wp-content/uploads/2023/08/21439-yxmxss.jpg",,,,,,,,,0,
539,simple,32550016053,,"High Quality Heat-Resistant Non-Stick Eco-Friendly Silicone Baking Mat",1,0,visible,,"<ul>\n 	<li>ItemType:BakingMat</li>\n 	<li>Material:Silicone</li>\n 	<li>Size:42x29.5cm,40x30cm</li>\n 	<li>Features:BakingTool,BakingMat,SiliconeBakingMat,Eco-FriendlyBakingMat,Heat-ResistantBakingMat,Non-StickBakingMat</li>\n</ul>",,,taxable,,1,,,0,0,,,,,1,,,16.74,"BAKING TOOLS",,,"https://luxuraboudoir.com/wp-content/uploads/2023/08/High-Quality-Heat-Resistant-Non-Stick-Eco-Friendly-Silicone-Baking-Mat.png, https://luxuraboudoir.com/wp-content/uploads/2023/08/21470-i0xfjz.png",,,,,,,,,0,
540,simple,32723872495,,"Non-Stick Silicone Functional Baking Mat",1,0,visible,,"<ul>\n 	<li>ItemType:Baking&amp;PastryTools</li>\n 	<li>Certification:CE/EU,FDA,EEC,LFGB,CIQ,SGS</li>\n 	<li>Material:Silicone</li>\n 	<li>Color:Random</li>\n 	<li>Shape:RectangleSiliconeMat</li>\n 	<li>ApproximateSize:Large?37.5x30cm,Small?30x25.5cm</li>\n 	<li>Weight:Large?255g,Small?150g</li>\n 	<li>Features:Non-StickBakingMat,SiliconeBakingMat,FunctionalBakingMat,Eco-FriendlyBakingMat,RectangleSiliconeMat</li>\n</ul>",,,taxable,,1,,,0,0,,,,,1,,,21.58,"BAKING TOOLS",,,"https://luxuraboudoir.com/wp-content/uploads/2023/08/Non-Stick-Silicone-Functional-Baking-Mat.jpeg, https://luxuraboudoir.com/wp-content/uploads/2023/08/21448-ahqcmt-768x768-1.jpg, https://luxuraboudoir.com/wp-content/uploads/2023/08/21448-e0dz2t-768x768-1.jpg, https://luxuraboudoir.com/wp-content/uploads/2023/08/21448-guahfb-768x768-1.jpeg, https://luxuraboudoir.com/wp-content/uploads/2023/08/21448-ris8qf-768x768-1.jpg, https://luxuraboudoir.com/wp-content/uploads/2023/08/21448-rvhklj-768x768-1.jpg, https://luxuraboudoir.com/wp-content/uploads/2023/08/21448-tne5kx-768x768-1.jpg",,,,,,,,,0,
541,simple,4.00002E+12,,"Petals Shape Silicone Cake Baking Mold",1,0,visible,,"<ul>\n 	<li>ItemType:Molds</li>\n 	<li>Material:Silicone</li>\n 	<li>Feature:Eco-Friendly</li>\n 	<li>Certification:CE/EU,CIQ,EEC,FDA,LFGB,SGS</li>\n 	<li>Size:24.7cm/9.72inch</li>\n 	<li>PackageIncludes:</li>\n 	<li>1xMold</li>\n</ul>",,,taxable,,1,,,0,0,,,,,1,,12.14,18.7,"BAKING TOOLS",,,"https://luxuraboudoir.com/wp-content/uploads/2023/08/Petals-Shape-Silicone-Cake-Baking-Mold.jpg, https://luxuraboudoir.com/wp-content/uploads/2023/08/21444-imzm2m.jpg, https://luxuraboudoir.com/wp-content/uploads/2023/08/21444-u4wa2o.jpg, https://luxuraboudoir.com/wp-content/uploads/2023/08/21444-w4ygai.jpg",,,,,,,,,0,
542,simple,32919441067,,"Silicone Baking Mat in Multiple Sizes",1,0,visible,,"<ul>\n 	<li>ItemType:BakingMat</li>\n 	<li>Material:Silicone</li>\n 	<li>Size:29x26cm/11.42x10.24inch,60x40cm/23.62x15.75inch</li>\n 	<li>Color:Red,Black</li>\n 	<li>PackageIncludes:</li>\n 	<li>1xBakingMat</li>\n</ul>",,,taxable,,1,,,0,0,,,,,1,,,9.95,"BAKING TOOLS",,,"https://luxuraboudoir.com/wp-content/uploads/2023/08/Silicone-Baking-Mat-in-Multiple-Sizes.jpg, https://luxuraboudoir.com/wp-content/uploads/2023/08/21411-4oieso.jpg, https://luxuraboudoir.com/wp-content/uploads/2023/08/21411-liiy0n.jpg, https://luxuraboudoir.com/wp-content/uploads/2023/08/21411-rbaebg.jpg, https://luxuraboudoir.com/wp-content/uploads/2023/08/21411-up7oji.jpg",,,,,,,,,0,
543,simple,32867204914,,"Thicken Silicone Non-Stick Baking Mat",1,0,visible,,"<ul>\n 	<li>ItemType:BakingMat</li>\n 	<li>Material:Silicone</li>\n 	<li>Size:40x50cm/15.75x19.69inch,30x40cm/11.81x15.75inch</li>\n 	<li>PackageIncludes:</li>\n 	<li>1xPc</li>\n</ul>",,,taxable,,1,,,0,0,,,,,1,,13.08,13.76,"BAKING TOOLS",,,"https://luxuraboudoir.com/wp-content/uploads/2023/08/Thicken-Silicone-Non-Stick-Baking-Mat.jpg, https://luxuraboudoir.com/wp-content/uploads/2023/08/21460-0wvds4.jpg, https://luxuraboudoir.com/wp-content/uploads/2023/08/21460-0zaxv1.jpg, https://luxuraboudoir.com/wp-content/uploads/2023/08/21460-2rnfwd.jpg, https://luxuraboudoir.com/wp-content/uploads/2023/08/21460-afshpz.jpg, https://luxuraboudoir.com/wp-content/uploads/2023/08/21460-msadcj.jpg, https://luxuraboudoir.com/wp-content/uploads/2023/08/21460-ssmptc.jpg, https://luxuraboudoir.com/wp-content/uploads/2023/08/21460-xckkzn.jpg, https://luxuraboudoir.com/wp-content/uploads/2023/08/21460-xmiggj.jpg",,,,,,,,,0,
544,simple,4.0011E+12,,"Universal Silicone Egg and Pancake Baking Mold",1,0,visible,,"<ul>\n 	<li>ItemType:KitchenAccessories</li>\n 	<li>Material:Silicone</li>\n 	<li>Size:35x16cm/13.78x6.30inch(Approx.)</li>\n 	<li>PackageIncludes:</li>\n 	<li>1xMold</li>\n</ul>",,,taxable,,1,,,0,0,,,,,1,,,47.58,"BAKING TOOLS",,,"https://luxuraboudoir.com/wp-content/uploads/2023/08/Universal-Silicone-Egg-and-Pancake-Baking-Mold.jpg, https://luxuraboudoir.com/wp-content/uploads/2023/08/21478-0xaczf.jpg, https://luxuraboudoir.com/wp-content/uploads/2023/08/21478-brzstn.jpg, https://luxuraboudoir.com/wp-content/uploads/2023/08/21478-u4ndhl.jpg, https://luxuraboudoir.com/wp-content/uploads/2023/08/21478-xxphq1.jpg",,,,,,,,,0,
545,simple,33016972896,,"White Cake Sprinkles for D?cor",1,0,visible,,"<ul>\n 	<li>ItemType:Sprinkles</li>\n 	<li>Material:Sugar</li>\n 	<li>Size:0.25cm/0.10inch,0.4cm/0.16inch,0.7cm/0.28inch,1cm/0.39inch</li>\n 	<li>Weight:20g/0.04lbs</li>\n 	<li>Color:White</li>\n 	<li>PackageIncludes:</li>\n 	<li>1xBagofSprinkles</li>\n</ul>",,,taxable,,1,,,0,0,,,,,1,,,9.95,"BAKING TOOLS",,,"https://luxuraboudoir.com/wp-content/uploads/2023/08/White-Cake-Sprinkles-for-Dcor.jpeg, https://luxuraboudoir.com/wp-content/uploads/2023/08/21465-29lwxa.jpg, https://luxuraboudoir.com/wp-content/uploads/2023/08/21465-fm5uxo-768x768-1.jpg, https://luxuraboudoir.com/wp-content/uploads/2023/08/21465-lgocu4-768x768-1.jpg, https://luxuraboudoir.com/wp-content/uploads/2023/08/21465-s2khu0.jpg, https://luxuraboudoir.com/wp-content/uploads/2023/08/21465-s2khu0-768x768-1.jpg, https://luxuraboudoir.com/wp-content/uploads/2023/08/21465-zfpkh5.jpeg, https://luxuraboudoir.com/wp-content/uploads/2023/08/21465-zfpkh5-768x768-1.jpeg",,,,,,,,,0,
650,simple,4.00059E+12,,"Colorful Portable Mini Kitchen Sealer",1,0,visible,,"<ul>\n 	<li>ItemType:KitchenSealer</li>\n 	<li>Material:ABS+PP</li>\n 	<li>Size:10x4x5cm/3.94x1.57x1.97inch</li>\n 	<li>Features:Easy,convenienttouse,andstore,greatidealforhomeuse.Amagnetonthebasecanbeadsorbedonthemetalsurface.</li>\n 	<li>HowtoUse:Pleaseopenthecovertopreheattheitembypressing5secondsbeforeusing.Yousimplyslideitalongtheedgeofanybagandit?ssealedairtight.</li>\n 	<li>PackageIncludes:</li>\n 	<li>1xSet</li>\n</ul>",,,taxable,,1,,,0,0,,,,,1,,9.95,13.44,"KITCHEN TOOLS & GADGETS",,,"https://luxuraboudoir.com/wp-content/uploads/2023/08/Colorful-Portable-Mini-Kitchen-Sealer.jpeg, https://luxuraboudoir.com/wp-content/uploads/2023/08/21847-h5coj2.jpg, https://luxuraboudoir.com/wp-content/uploads/2023/08/21847-he5hr9.jpg, https://luxuraboudoir.com/wp-content/uploads/2023/08/21847-oxpgxb.jpg, https://luxuraboudoir.com/wp-content/uploads/2023/08/21847-zziu0f.jpg",,,,,,,,,0,
651,simple,33019028456,,"Kitchen Vegetable Mandoline Slicer",1,0,visible,,"<ul>\n 	<li>ItemType:MandolineSlicers</li>\n 	<li>Material:ABS,Metal</li>\n 	<li>Size:31.8x11.5x11.5cm/12.52x4.53x4.53inch,18.8x9.5cm/7.40x3.74inch</li>\n 	<li>Functions:Chopper,Slicer,Cutter,Grinder</li>\n 	<li>PackageIncludes:</li>\n 	<li>1xPc</li>\n</ul>",,,taxable,,1,,,0,0,,,,,1,,39.54,85.96,"KITCHEN TOOLS & GADGETS",,,"https://luxuraboudoir.com/wp-content/uploads/2023/08/Kitchen-Vegetable-Mandoline-Slicer.jpeg, https://luxuraboudoir.com/wp-content/uploads/2023/08/21856-fibtyf.jpg, https://luxuraboudoir.com/wp-content/uploads/2023/08/21856-s6gvpz-768x768-1.jpg, https://luxuraboudoir.com/wp-content/uploads/2023/08/21856-tubnfv-768x768-1.jpg",,,,,,,,,0,
652,simple,32856912757,,"Manual Vegetable Cutting Slicer",1,0,visible,,"<ul>\n 	<li>ItemType:ManualVegetableCuttingSlicer</li>\n 	<li>Material:FoodGradeABS,StainlessSteel</li>\n 	<li>Color:Green,Blue,Red,Pink</li>\n 	<li>Size:24x12cm/9.44x4.72inch</li>\n 	<li>Weight:390g/0.86lbs</li>\n 	<li>PackageIncludes:</li>\n 	<li>1xManualVegetableCuttingSlicer</li>\n</ul>",,,taxable,,1,,,0,0,,,,,1,,58.5,83.56,"KITCHEN TOOLS & GADGETS",,,"https://luxuraboudoir.com/wp-content/uploads/2023/08/Manual-Vegetable-Cutting-Slicer-1.jpeg, https://luxuraboudoir.com/wp-content/uploads/2023/08/21862-1b4awf.jpeg, https://luxuraboudoir.com/wp-content/uploads/2023/08/21862-1th82c.jpeg, https://luxuraboudoir.com/wp-content/uploads/2023/08/21862-5bxdme.jpeg, https://luxuraboudoir.com/wp-content/uploads/2023/08/21862-d7wbjx.jpeg, https://luxuraboudoir.com/wp-content/uploads/2023/08/21862-kyu25a.jpeg",,,,,,,,,0,
653,simple,32977777245,,"Multifunctional Eco-Friendly Kitchen Grater",1,0,visible,,"<ul>\n 	<li>ItemType:KitchenGrater</li>\n 	<li>Material:Plastic</li>\n 	<li>Size:7x10cm/2.76x3.94inch</li>\n 	<li>Feature:Eco-Friendly</li>\n 	<li>PackageIncludes:</li>\n 	<li>1xPc</li>\n</ul>",,,taxable,,1,,,0,0,,,,,1,,,26.04,"KITCHEN TOOLS & GADGETS",,,"https://luxuraboudoir.com/wp-content/uploads/2023/08/Multifunctional-Eco-Friendly-Kitchen-Grater.jpg, https://luxuraboudoir.com/wp-content/uploads/2023/08/21900-3tqzjg-768x768-1.jpg, https://luxuraboudoir.com/wp-content/uploads/2023/08/21900-5ntske.jpg, https://luxuraboudoir.com/wp-content/uploads/2023/08/21900-97yq6t-768x674-1.jpg, https://luxuraboudoir.com/wp-content/uploads/2023/08/21900-ebl25j-768x768-1.jpg, https://luxuraboudoir.com/wp-content/uploads/2023/08/21900-ihh5kx-768x768-1.jpg, https://luxuraboudoir.com/wp-content/uploads/2023/08/21900-ugtpxh-768x768-1.jpg, https://luxuraboudoir.com/wp-content/uploads/2023/08/21900-vbymry-768x735-1.jpg, https://luxuraboudoir.com/wp-content/uploads/2023/08/21900-vvdtzv-768x768-1.jpg, https://luxuraboudoir.com/wp-content/uploads/2023/08/21900-zdxmfs-768x768-1.jpg",,,,,,,,,0,
654,simple,32910416688,,"Multifunctional Round Vegetable Grater",1,0,visible,,"<ul>\n 	<li>ItemType:Grater</li>\n 	<li>Color:Green,Blue,Red</li>\n 	<li>Size:24x18cm/9.45x7.09inch</li>\n 	<li>PackageIncludes:</li>\n 	<li>1xPc</li>\n</ul>",,,taxable,,1,,,0,0,,,,,1,,56.46,106.56,"KITCHEN TOOLS & GADGETS",,,"https://luxuraboudoir.com/wp-content/uploads/2023/08/Multifunctional-Round-Vegetable-Grater.jpeg, https://luxuraboudoir.com/wp-content/uploads/2023/08/21904-9jjijd.jpg, https://luxuraboudoir.com/wp-content/uploads/2023/08/21904-18eu33.jpg, https://luxuraboudoir.com/wp-content/uploads/2023/08/21904-fyn8uk.jpg, https://luxuraboudoir.com/wp-content/uploads/2023/08/21904-meluo6.jpg, https://luxuraboudoir.com/wp-content/uploads/2023/08/21904-o8lre9.jpg, https://luxuraboudoir.com/wp-content/uploads/2023/08/21904-udyd5k.jpg, https://luxuraboudoir.com/wp-content/uploads/2023/08/21904-xdtciq.jpg",,,,,,,,,0,
655,simple,3.30E+10,,"Multifunctional Vegetable and Fruit Slicer",1,0,visible,,"<ul>\n 	<li>ItemType:MultifunctionalSlicer</li>\n 	<li>Material:FoodGradePP,TPR,ABS</li>\n 	<li>Color:Black/Green</li>\n 	<li>Size:32x11x11cm/12.59x4.33x4.33inch</li>\n 	<li>PackageIncludes:</li>\n 	<li>1xMultifunctionalSlicer</li>\n</ul>",,,taxable,,1,,,0,0,,,,,1,,43.5,66.92,"KITCHEN TOOLS & GADGETS",,,"https://luxuraboudoir.com/wp-content/uploads/2023/08/Multifunctional-Vegetable-and-Fruit-Slicer.jpeg, https://luxuraboudoir.com/wp-content/uploads/2023/08/21860-anjgu4-1.jpg, https://luxuraboudoir.com/wp-content/uploads/2023/08/21860-anjgu4.jpg, https://luxuraboudoir.com/wp-content/uploads/2023/08/21860-c7klbc.jpg, https://luxuraboudoir.com/wp-content/uploads/2023/08/21860-mok5qg.jpg, https://luxuraboudoir.com/wp-content/uploads/2023/08/21860-v4xfyg.jpg",,,,,,,,,0,
656,simple,32763061121,,"Plastic Vegetable Slicer Cutter",1,0,visible,,"<ul>\n 	<li>ItemType:VegetableSlicerCutter</li>\n 	<li>Material:Plastic</li>\n 	<li>Size:8.5x8cm</li>\n 	<li>Quantity:1pcs</li>\n 	<li>Features:KitchenAccessories,KitchenTools,CookingTools,VegetableCutter,SlicerCutter</li>\n 	<li>PackageIncludes:</li>\n 	<li>1xPc</li>\n</ul>",,,taxable,,1,,,0,0,,,,,1,,9.95,12.6,"KITCHEN TOOLS & GADGETS",,,"https://luxuraboudoir.com/wp-content/uploads/2023/08/Plastic-Vegetable-Slicer-Cutter.jpg, https://luxuraboudoir.com/wp-content/uploads/2023/08/21918-clifhx.jpg, https://luxuraboudoir.com/wp-content/uploads/2023/08/21918-wjbg9y.jpg, https://luxuraboudoir.com/wp-content/uploads/2023/08/21918-wl54ub.jpg",,,,,,,,,0,
657,simple,32838478497,,"Professional Kitchen Knife Sharpener",1,0,visible,,"<ul>\n 	<li>ItemType:3StagesKnifeSharpener</li>\n 	<li>BodyMaterial:ABS,StainlessSteel</li>\n 	<li>SharpenerMaterials:Ceramic,TungstenSteel,Diamond</li>\n 	<li>Color:Black,CarbonBlack,Green,Red,Marble,Grey,Purple</li>\n 	<li>Size:20.5cm/8inch*7.5cm/3inch*6.5cm/2.6inch</li>\n 	<li>PackageIncludes:</li>\n 	<li>1xPc</li>\n</ul>",,,taxable,,1,,,0,0,,,,,1,,,22.7,"KITCHEN TOOLS & GADGETS",,,"https://luxuraboudoir.com/wp-content/uploads/2023/08/Professional-Kitchen-Knife-Sharpener.jpeg, https://luxuraboudoir.com/wp-content/uploads/2023/08/21883-6xlenx.jpeg, https://luxuraboudoir.com/wp-content/uploads/2023/08/21883-d6n9vr.jpeg",,,,,,,,,0,
658,simple,4.00008E+12,,"Square Foldable Washing Basket Colander",1,0,visible,,"<ul>\n 	<li>ItemType:Colander</li>\n 	<li>Material:Silicone</li>\n 	<li>Color:Green,Red,Blue,Yellow</li>\n 	<li>Size:S:18.5x24.5cm/7.28x9.64inch,L:22x29cm/8.66x11.41inch</li>\n 	<li>Weight:100g/0.22lbs</li>\n 	<li>PackageIncludes:</li>\n 	<li>1xColander</li>\n</ul>",,,taxable,,1,,,0,0,,,,,1,,,9.95,"KITCHEN TOOLS & GADGETS",,,"https://luxuraboudoir.com/wp-content/uploads/2023/08/Square-Foldable-Washing-Basket-Colander.jpg, https://luxuraboudoir.com/wp-content/uploads/2023/08/21873-5xare6.jpg, https://luxuraboudoir.com/wp-content/uploads/2023/08/21873-6fxnoh.jpg, https://luxuraboudoir.com/wp-content/uploads/2023/08/21873-dzpsgi.jpg, https://luxuraboudoir.com/wp-content/uploads/2023/08/21873-pgrbv4-1.jpg, https://luxuraboudoir.com/wp-content/uploads/2023/08/21873-szstjm.jpg, https://luxuraboudoir.com/wp-content/uploads/2023/08/21873-uzunki.jpg, https://luxuraboudoir.com/wp-content/uploads/2023/08/21873-vfbvyx.jpg, https://luxuraboudoir.com/wp-content/uploads/2023/08/21873-yqmvv2.jpg, https://luxuraboudoir.com/wp-content/uploads/2023/08/21873-zv0hae.jpg, https://luxuraboudoir.com/wp-content/uploads/2023/08/Square-Foldable-Washing-Basket-Colander-1.jpg, https://luxuraboudoir.com/wp-content/uploads/2023/08/Vegetable-Slicer-with-Five-Blades-1.jpeg",,,,,,,,,0,
659,simple,32715241070,,"Vegetable Slicer with Five Blades",1,0,visible,,"<ul>\n 	<li>Item:VegetableSlicer</li>\n 	<li>Material:Plastic</li>\n 	<li>Size:27.5x10.8cm/10.8x4.2inch</li>\n 	<li>Feature:Eco-Friendly</li>\n 	<li>Design:5piecesBlade</li>\n 	<li>PackageIncludes:</li>\n 	<li>1xVegetableSlicer</li>\n</ul>",,,taxable,,1,,,0,0,,,,,1,,22.36,39.24,"KITCHEN TOOLS & GADGETS",,,"https://luxuraboudoir.com/wp-content/uploads/2023/08/Vegetable-Slicer-with-Five-Blades.jpeg, https://luxuraboudoir.com/wp-content/uploads/2023/08/21912-gbqdqs.jpeg, https://luxuraboudoir.com/wp-content/uploads/2023/08/21912-uo0229-1.jpg",,,,,,,,,0,
739,simple,32868353450,,"1200W 4L 6-Speed Electric Mixer Set",1,0,visible,,"<ul>\n 	<li>ItemType:Appliances</li>\n 	<li>MixingBowlMaterial:StainlessSteel</li>\n 	<li>Housing:Plastic</li>\n 	<li>Power:1200W</li>\n 	<li>Voltage:220?240V</li>\n 	<li>Frequency:50/60Hz</li>\n 	<li>MixingBowlCapacity:4L</li>\n 	<li>NumberofSpeedSettings:6</li>\n 	<li>Features:Kitchen,Food,StandMixer,Blender,Machine</li>\n 	<li>PackageIncludes:</li>\n 	<li>1xMixer</li>\n 	<li>1xMixingBowl</li>\n 	<li>1xBeater</li>\n 	<li>1xDoughHook</li>\n 	<li>1xWhisk</li>\n 	<li>1xEnglishManual</li>\n</ul>",,,taxable,,1,,,0,0,,,,,1,,,201.99,ELECTRONICS,,,"https://luxuraboudoir.com/wp-content/uploads/2023/08/1200W-4L-6-Speed-Electric-Mixer-Set.jpg, https://luxuraboudoir.com/wp-content/uploads/2023/08/21606-5ukbi6.jpg, https://luxuraboudoir.com/wp-content/uploads/2023/08/21606-aakd7a.jpg, https://luxuraboudoir.com/wp-content/uploads/2023/08/21606-bl0okc.jpg, https://luxuraboudoir.com/wp-content/uploads/2023/08/21606-exmv0e-1.jpg, https://luxuraboudoir.com/wp-content/uploads/2023/08/21606-fs4i6o.jpg, https://luxuraboudoir.com/wp-content/uploads/2023/08/21606-gtg9eb-1.jpg, https://luxuraboudoir.com/wp-content/uploads/2023/08/21606-hhlapz.jpg, https://luxuraboudoir.com/wp-content/uploads/2023/08/21606-iyoxs6-1.jpg, https://luxuraboudoir.com/wp-content/uploads/2023/08/21606-jgnnhs.jpg, https://luxuraboudoir.com/wp-content/uploads/2023/08/21606-jon0qt-1.jpg, https://luxuraboudoir.com/wp-content/uploads/2023/08/21606-nqpehc.jpg, https://luxuraboudoir.com/wp-content/uploads/2023/08/21606-nzr65i.jpg, https://luxuraboudoir.com/wp-content/uploads/2023/08/21606-oy3gdd.jpg, https://luxuraboudoir.com/wp-content/uploads/2023/08/21606-pb60o5.jpg, https://luxuraboudoir.com/wp-content/uploads/2023/08/21606-pg4noi.jpg, https://luxuraboudoir.com/wp-content/uploads/2023/08/21606-pncwhu.jpg, https://luxuraboudoir.com/wp-content/uploads/2023/08/21606-rginyi.jpg, https://luxuraboudoir.com/wp-content/uploads/2023/08/21606-tywlna.jpg, https://luxuraboudoir.com/wp-content/uploads/2023/08/21606-udsyeo.jpg, https://luxuraboudoir.com/wp-content/uploads/2023/08/21606-umj9ql.jpg, https://luxuraboudoir.com/wp-content/uploads/2023/08/21606-xjoxws.jpg",,,,,,,,,0,
740,simple,4.00E+12,,"2 Speeds Stainless Steel Electric Grinder",1,0,visible,,"<ul>\n 	<li>ItemType:Grinders&amp;Graters</li>\n 	<li>Material:StainlessSteel</li>\n 	<li>Power(W):300W</li>\n 	<li>Certification:CB,CE,EMC</li>\n 	<li>Voltage:AC220-240V</li>\n 	<li>Frequency:50/60Hz</li>\n 	<li>Capacity:1.8L/60.87oz</li>\n 	<li>Size:25cm/9.84inch</li>\n 	<li>PackageIncludes:</li>\n 	<li>1xGrinder</li>\n</ul>",,,taxable,,1,,,0,0,,,,,1,,,97.32,ELECTRONICS,,,"https://luxuraboudoir.com/wp-content/uploads/2023/08/2-Speeds-Stainless-Steel-Electric-Grinder.jpeg, https://luxuraboudoir.com/wp-content/uploads/2023/08/21823-6lngnt.jpg, https://luxuraboudoir.com/wp-content/uploads/2023/08/21823-kwpnvu.jpg, https://luxuraboudoir.com/wp-content/uploads/2023/08/21823-z6v43u.jpg, https://luxuraboudoir.com/wp-content/uploads/2023/08/21823-6lngnt-1.jpg, https://luxuraboudoir.com/wp-content/uploads/2023/08/21823-7ctevf-600x600-1.jpg, https://luxuraboudoir.com/wp-content/uploads/2023/08/21823-awcjcm-600x600-1.jpg, https://luxuraboudoir.com/wp-content/uploads/2023/08/21823-kwpnvu-1.jpg, https://luxuraboudoir.com/wp-content/uploads/2023/08/21823-ugwp8b-600x600-1.jpg, https://luxuraboudoir.com/wp-content/uploads/2023/08/21823-z6v43u-1.jpg",,,,,,,,,0,
741,simple,32847783704,,"400 W Electric Handheld Juice Blender",1,0,visible,,"<ul>\n 	<li>ItemType:KitchenGadgets</li>\n 	<li>Material:Plastic,StainlessSteel</li>\n 	<li>Power:AC220-240V</li>\n 	<li>Wattage:400W</li>\n 	<li>Size:36x4.5cm/14.17x1.77inch</li>\n 	<li>PackageIncludes:</li>\n 	<li>1xJuiceBlender</li>\n</ul>",,,taxable,,1,,,0,0,,,,,1,,,76.79,ELECTRONICS,,,"https://luxuraboudoir.com/wp-content/uploads/2023/08/400-W-Electric-Handheld-Juice-Blender.jpeg, https://luxuraboudoir.com/wp-content/uploads/2023/08/21655-gobvyr.jpg, https://luxuraboudoir.com/wp-content/uploads/2023/08/21655-hpmexo-600x600-1.jpeg",,,,,,,,,0,
742,simple,1.01E+15,,"9 Segment 2 Speed Modes Juicer",1,0,visible,,"<ul>\n 	<li>ItemType:Juicers</li>\n 	<li>Material:ABS,Metal</li>\n 	<li>Power:150W</li>\n 	<li>RatedVoltage:120V-60Hz</li>\n 	<li>ContinuousOperatingTime:?20Minutes</li>\n 	<li>CoolDownTimeBetweenUses:?10Minutes</li>\n 	<li>Capacity:801ml/27.09oz</li>\n 	<li>Rating(Rpm):65Rpm</li>\n 	<li>PackageIncludes:</li>\n 	<li>1xJuicer</li>\n</ul>",,,taxable,,1,,,0,0,,,,,1,,,202.5,ELECTRONICS,,,"https://luxuraboudoir.com/wp-content/uploads/2023/08/9-Segment-2-Speed-Modes-Juicer.jpg, https://luxuraboudoir.com/wp-content/uploads/2023/08/21669-5vsb4d.jpg, https://luxuraboudoir.com/wp-content/uploads/2023/08/21669-dcydv3.jpg, https://luxuraboudoir.com/wp-content/uploads/2023/08/21669-hbdbcg.jpg, https://luxuraboudoir.com/wp-content/uploads/2023/08/21669-hkntvf.jpg, https://luxuraboudoir.com/wp-content/uploads/2023/08/21669-mqkt3g.jpg, https://luxuraboudoir.com/wp-content/uploads/2023/08/21669-nwn2so.jpg, https://luxuraboudoir.com/wp-content/uploads/2023/08/21669-pdiqhq.jpg, https://luxuraboudoir.com/wp-content/uploads/2023/08/21669-ymvxee.jpg",,,,,,,,,0,
743,simple,3.27E+10,,"BPA Free 2200W Professional Blender",1,0,visible,,"<ul>\n 	<li>ItemType:Blender</li>\n 	<li>Material:Steel,ABS</li>\n 	<li>Capacity:1.8?2.1L/60.87?71.01oz</li>\n 	<li>Voltage:220?240V</li>\n 	<li>Size:52x20x17cm/20.47x7.87x6.69inch</li>\n 	<li>PackageIncludes:</li>\n 	<li>1xSet</li>\n</ul>",,,taxable,,1,,,0,0,,,,,1,,,112.13,ELECTRONICS,,,"https://luxuraboudoir.com/wp-content/uploads/2023/08/BPA-Free-2200W-Professional-Blender.jpeg, https://luxuraboudoir.com/wp-content/uploads/2023/08/21694-afi4ti.jpg, https://luxuraboudoir.com/wp-content/uploads/2023/08/21694-dq9ltj.jpg, https://luxuraboudoir.com/wp-content/uploads/2023/08/21694-dzvawc.jpg, https://luxuraboudoir.com/wp-content/uploads/2023/08/21694-fxojoj-1.jpg, https://luxuraboudoir.com/wp-content/uploads/2023/08/21694-gkoadn-1.jpg, https://luxuraboudoir.com/wp-content/uploads/2023/08/21694-hmgjep.jpg, https://luxuraboudoir.com/wp-content/uploads/2023/08/21694-osn0lb.jpg, https://luxuraboudoir.com/wp-content/uploads/2023/08/21694-y056sd.jpg",,,,,,,,,0,
744,simple,3.28E+10,,"Smart Stainless Steel Electric Kettle with Temperature Control",1,0,visible,,"<ul>\n 	<li>ItemType:ElectricKettle</li>\n 	<li>Material:StainlessSteel,Plastic</li>\n 	<li>Style:Intelligent</li>\n 	<li>HeatingSpeed:5Minutes</li>\n 	<li>Power:1800W</li>\n 	<li>PowerSource:220V/50HZ</li>\n 	<li>Certification:CCC</li>\n 	<li>WirelessNetwork:Bluetooth4.0BLE</li>\n 	<li>Capacity:1.5L/50.72oz</li>\n 	<li>PackageIncludes:</li>\n 	<li>1xPc</li>\n</ul>",,,taxable,,1,,,0,0,,,,,1,,,81.3,ELECTRONICS,,,"https://luxuraboudoir.com/wp-content/uploads/2023/08/Smart-Stainless-Steel-Electric-Kettle-with-Temperature-Control.jpeg, https://luxuraboudoir.com/wp-content/uploads/2023/08/21663-fcwmih.jpg, https://luxuraboudoir.com/wp-content/uploads/2023/08/21663-g7wtfj.jpg, https://luxuraboudoir.com/wp-content/uploads/2023/08/21663-hcp7hq.jpg, https://luxuraboudoir.com/wp-content/uploads/2023/08/21663-r3db3q.jpg, https://luxuraboudoir.com/wp-content/uploads/2023/08/21663-wzuco1.jpg",,,,,,,,,0,
750,simple,1005001841461296,,"Adjustable Speed Electric Whisk",1,0,visible,,"<ul>\n 	<li>Item Type: Electric Whisks</li>\n 	<li>Material: ABS, Metal</li>\n 	<li>Features: Eco-Friendly</li>\n 	<li>Speed: 3500/8500/13500 RPM</li>\n 	<li>Charging Time: 6 hours</li>\n 	<li>Power: 2.5 W</li>\n 	<li>Current: 0.5 A</li>\n 	<li>Voltage: 4.5-5.5 V</li>\n 	<li>Features:</li>\n 	<li>Adjustable speed: This eggbeater has three adjustment buttons, low, medium and high three speed adjustment, which is more convenient to use.</li>\n 	<li>Convenient charging base: This eggbeater adopts USB dual port charging interface, which can charge quickly and work efficiently.</li>\n</ul>\n<strong>Package Includes: </strong>\n<ul>\n 	<li>1 x Electric Whisk</li>\n</ul>",,,taxable,,1,,,0,0,,,,,1,,,34.70,ELECTRONICS,,,"https://luxuraboudoir.com/wp-content/uploads/2023/08/Adjustable-Speed-Electric-Whisk.jpg, https://luxuraboudoir.com/wp-content/uploads/2023/08/21673-08a2i0.jpg, https://luxuraboudoir.com/wp-content/uploads/2023/08/21673-grsbye.jpg, https://luxuraboudoir.com/wp-content/uploads/2023/08/21673-iutq1d.jpg, https://luxuraboudoir.com/wp-content/uploads/2023/08/21673-kxe1ih.jpg, https://luxuraboudoir.com/wp-content/uploads/2023/08/21673-ky5lp5.jpg, https://luxuraboudoir.com/wp-content/uploads/2023/08/21673-rm7c3f.jpg, https://luxuraboudoir.com/wp-content/uploads/2023/08/21673-svjeis.jpg, https://luxuraboudoir.com/wp-content/uploads/2023/08/21673-vlnswb.jpg",,,,,,,,,0,
753,simple,1005001387865977,,"Powrful Electric Whisk",1,0,visible,,"<ul>\n 	<li>Item Type: Electric Whisks</li>\n 	<li>Material: PET, ABS</li>\n 	<li>Capacity: 900 ml / 30.43 oz</li>\n 	<li>Battery: 2000 mAh</li>\n 	<li>Motor: 5000 rpm</li>\n 	<li>Rated Voltage: 3.7 V</li>\n 	<li>Rated Current: 6 A</li>\n 	<li>Maximum Power: 50 W</li>\n 	<li>Size: 25 cm / 9.84 inch</li>\n</ul>\n<strong>Package Includes: </strong>\n<ul>\n 	<li>1 x Electric Whisk</li>\n</ul>",,,taxable,,1,,,0,0,,,,,1,,,53.22,ELECTRONICS,,,"https://luxuraboudoir.com/wp-content/uploads/2023/08/Powrful-Electric-Whisk.jpg, https://luxuraboudoir.com/wp-content/uploads/2023/08/21683-9yxd9v.jpg, https://luxuraboudoir.com/wp-content/uploads/2023/08/21683-70qm5n.jpg, https://luxuraboudoir.com/wp-content/uploads/2023/08/21683-hl5oiw.jpg, https://luxuraboudoir.com/wp-content/uploads/2023/08/21683-sihtws.jpg, https://luxuraboudoir.com/wp-content/uploads/2023/08/21683-slhxe3.jpg, https://luxuraboudoir.com/wp-content/uploads/2023/08/21683-vt2zbn.jpg, https://luxuraboudoir.com/wp-content/uploads/2023/08/21683-xywcdh.jpg",,,,,,,,,0,
756,simple,33008379724,,"Travel Portable Folding Smart Kettle",1,0,visible,,"<ul>\n 	<li>Item Type: Smart Kettles</li>\n 	<li>Material: ABS, Metal</li>\n 	<li>Foldable Size: 7.9 x 12.2 cm / 3.11 x 4.80 inch</li>\n 	<li>Unfoldable Size: 18.2 x 18.2 cm / 7.17 x 7.17 inch</li>\n 	<li>Capacity: 600 ml / 20.29 oz</li>\n</ul>\n<strong>Package Includes: </strong>\n<ul>\n 	<li>1 x Pc</li>\n</ul>",,,taxable,,1,,,0,0,,,,,1,,,89.91,ELECTRONICS,,,"https://luxuraboudoir.com/wp-content/uploads/2023/08/Travel-Portable-Folding-Smart-Kettle.jpg, https://luxuraboudoir.com/wp-content/uploads/2023/08/21678-ewjhmf.jpeg, https://luxuraboudoir.com/wp-content/uploads/2023/08/21678-ezpoc1.jpeg, https://luxuraboudoir.com/wp-content/uploads/2023/08/21678-jhiwtc.jpg, https://luxuraboudoir.com/wp-content/uploads/2023/08/21678-jugryk-600x600-1.jpg, https://luxuraboudoir.com/wp-content/uploads/2023/08/21678-knqeyo.jpeg, https://luxuraboudoir.com/wp-content/uploads/2023/08/21678-mkqien-600x600-1.jpg, https://luxuraboudoir.com/wp-content/uploads/2023/08/21678-uairbu-600x600-1.jpg, https://luxuraboudoir.com/wp-content/uploads/2023/08/21678-xewepj.jpg, https://luxuraboudoir.com/wp-content/uploads/2023/08/21678-ygaukt-600x600-1.jpg",,,,,,,,,0,
759,simple,4000939016624,,"USB Rechargeable Portable Blender",1,0,visible,,"<ul>\n 	<li>Item Type: Blenders</li>\n 	<li>Material: ABS, Metal</li>\n 	<li>Power: 150 W</li>\n 	<li>Capacity: 400 ml / 13.53 oz</li>\n 	<li>Speed: 22001 rpm and above</li>\n 	<li>Voltage: 36 V</li>\n</ul>\n<strong>Package Includes: </strong>\n<ul>\n 	<li>1 x Blender</li>\n</ul>",,,taxable,,1,,,0,0,,,,,1,,,50.72,ELECTRONICS,,,"https://luxuraboudoir.com/wp-content/uploads/2023/08/USB-Rechargeable-Portable-Blender.jpg, https://luxuraboudoir.com/wp-content/uploads/2023/08/21632-45d0s7-600x600-1.jpg, https://luxuraboudoir.com/wp-content/uploads/2023/08/21632-dnb1hn.jpg, https://luxuraboudoir.com/wp-content/uploads/2023/08/21632-is9rqu.jpg, https://luxuraboudoir.com/wp-content/uploads/2023/08/21632-q23xnk-600x600-1.jpg, https://luxuraboudoir.com/wp-content/uploads/2023/08/21632-qzrkvd-600x600-1.jpg, https://luxuraboudoir.com/wp-content/uploads/2023/08/21632-tog23o.jpg, https://luxuraboudoir.com/wp-content/uploads/2023/08/21632-y3crms.jpg, https://luxuraboudoir.com/wp-content/uploads/2023/08/21632-ygyxwh.jpg",,,,,,,,,0,
887,simple,4.00029E+12,,"5 Pieces of Colorful Reusable Vegetable Bags",1,0,visible,,"<ul>\n 	<li>ItemType:Bag</li>\n 	<li>Material:PVC</li>\n 	<li>ClosureType:Elastic</li>\n 	<li>PackageIncludes:</li>\n 	<li>5xPc</li>\n</ul>",,,taxable,,1,,,0,0,,,,,1,,,9.95,"KITCHEN STORAGE",,,"https://luxuraboudoir.com/wp-content/uploads/2023/08/5-Pieces-of-Colorful-Reusable-Vegetable-Bags.jpeg, https://luxuraboudoir.com/wp-content/uploads/2023/08/22109-qkiwxv.jpeg, https://luxuraboudoir.com/wp-content/uploads/2023/08/22109-znwlhg.jpeg",,,,,,,,,0,
888,simple,32884381479,,"Cooking Seasoning Bottle Dispenser",1,0,visible,,"<ul>\n 	<li>ItemType:Bottle</li>\n 	<li>Material:Glass</li>\n 	<li>Shape:Round</li>\n 	<li>Size:24.5x6.5cm/9.65x2.56inch,20.5x6cm/8.07x2.36inch,17.5x5cm/6.89x1.97inch</li>\n 	<li>Capacity:500ml/16.91oz,300ml/10.14oz,180ml/6.09oz</li>\n 	<li>Quantity:1</li>\n 	<li>Pattern:Solid</li>\n 	<li>Color:Transparent</li>\n 	<li>PackageIncludes:</li>\n 	<li>1xBottle</li>\n</ul>",,,taxable,,1,,,0,0,,,,,1,,,19.7,"KITCHEN STORAGE",,,"https://luxuraboudoir.com/wp-content/uploads/2023/08/Cooking-Seasoning-Bottle-Dispenser.jpg, https://luxuraboudoir.com/wp-content/uploads/2023/08/22105-jxvgbi.jpg, https://luxuraboudoir.com/wp-content/uploads/2023/08/22105-lpp0je.jpg, https://luxuraboudoir.com/wp-content/uploads/2023/08/22105-v0gptg.jpg, https://luxuraboudoir.com/wp-content/uploads/2023/08/22105-vhdfbb.jpg, https://luxuraboudoir.com/wp-content/uploads/2023/08/22105-whuany.jpg",,,,,,,,,0,
889,simple,32875420165,,"Electric Vacuum Sealer with 10 pcs Food Saver Bags",1,0,visible,,"<ul>\n 	<li>ItemType:ElectricVacuumSealers</li>\n 	<li>Material:ABS,Metal,Plastic</li>\n 	<li>RatedVoltage:100V/220VAC</li>\n 	<li>RatedFrequency:220V/50Hz110V/60Hz</li>\n 	<li>RatedPower:80W</li>\n 	<li>SealingTime:6~15Seconds</li>\n 	<li>VacuumPressure:-60kPa</li>\n 	<li>Size:35x8.2x6cm/13.78x3.23x2.36inch</li>\n 	<li>BagSize:12x20cm/4.72x7.87inch,20x25cm/0.47x0.79x0.98inch</li>\n 	<li>Weight:570g/1.26lbs</li>\n 	<li>SealingLength:=290mm/11.42inch</li>\n 	<li>PackageIncludes:</li>\n 	<li>1xFoodVacuumSealer</li>\n 	<li>10xBags</li>\n 	<li>1xEnglishManual</li>\n</ul>",,,taxable,,1,,,0,0,,,,,1,,,51.18,"KITCHEN STORAGE",,,"https://luxuraboudoir.com/wp-content/uploads/2023/08/Electric-Vacuum-Sealer-with-10-pcs-Food-Saver-Bags.jpg, https://luxuraboudoir.com/wp-content/uploads/2023/08/22097-7y9ezk.jpg, https://luxuraboudoir.com/wp-content/uploads/2023/08/22097-jeggz8-600x600-1.jpg, https://luxuraboudoir.com/wp-content/uploads/2023/08/22097-kl3pff.jpg, https://luxuraboudoir.com/wp-content/uploads/2023/08/22097-mtoeb8-600x600-1.jpg, https://luxuraboudoir.com/wp-content/uploads/2023/08/22097-nfeitj-600x600-1.jpg, https://luxuraboudoir.com/wp-content/uploads/2023/08/22097-t1ewrk.jpg, https://luxuraboudoir.com/wp-content/uploads/2023/08/22097-te5099.jpg, https://luxuraboudoir.com/wp-content/uploads/2023/08/22097-xe5aa0.jpg",,,,,,,,,0,
890,simple,4.00093E+12,,"Kitchen Spoon Fork Spatula Holder",1,0,visible,,"<ul>\n 	<li>ItemType:KitchenToolsHolder</li>\n 	<li>Material:ABS</li>\n 	<li>Color:Green,White,Gray</li>\n 	<li>Size:12.7x14cm/4.99x5.51inch</li>\n 	<li>Weight:85g/0.19lbs</li>\n 	<li>PackageIncludes:</li>\n 	<li>1xKitchenToolsHolder</li>\n</ul>",,,taxable,,1,,,0,0,,,,,1,,,9.95,"KITCHEN STORAGE",,,"https://luxuraboudoir.com/wp-content/uploads/2023/08/Kitchen-Spoon-Fork-Spatula-Holder.jpg, https://luxuraboudoir.com/wp-content/uploads/2023/08/22071-9umjdt.jpg, https://luxuraboudoir.com/wp-content/uploads/2023/08/22071-bniljn-600x600-1.jpg, https://luxuraboudoir.com/wp-content/uploads/2023/08/22071-fafzp7.jpg, https://luxuraboudoir.com/wp-content/uploads/2023/08/22071-gad7mq.jpg, https://luxuraboudoir.com/wp-content/uploads/2023/08/22071-j9z3m0-600x600-1.jpg, https://luxuraboudoir.com/wp-content/uploads/2023/08/22071-jvbmgp.jpg, https://luxuraboudoir.com/wp-content/uploads/2023/08/22071-kg1qwz-600x600-1.jpg, https://luxuraboudoir.com/wp-content/uploads/2023/08/22071-m3nrql-1.jpg, https://luxuraboudoir.com/wp-content/uploads/2023/08/22071-mpgquo.jpg, https://luxuraboudoir.com/wp-content/uploads/2023/08/22071-mygwoy.jpg, https://luxuraboudoir.com/wp-content/uploads/2023/08/22071-oqnwlj.jpg, https://luxuraboudoir.com/wp-content/uploads/2023/08/22071-ouf3pd.jpg, https://luxuraboudoir.com/wp-content/uploads/2023/08/22071-xultth-600x600-1.jpg, https://luxuraboudoir.com/wp-content/uploads/2023/08/22071-ykudnj.jpg",,,,,,,,,0,
891,simple,4.00006E+12,,"Multifunction Black / White Kitchen Utensils Holder",1,0,visible,,"<ul>\n 	<li>ItemType:KitchenUtensilsHolder</li>\n 	<li>Color:White,Black</li>\n 	<li>Material:PP+TPR</li>\n 	<li>Size:22.5x23cm/8.86x9.06inch</li>\n 	<li>Weight:492g/1.08lbs</li>\n 	<li>Features:</li>\n 	<li>Themultifunctionalstoragerackcanbeusedtoplaceknivesandcutlery,whicheffectivelypreventstheknifeandcutleryfromrusting.</li>\n 	<li>PPmaterial,blackandwhitecolors,simpleandelegant,bettermatchyourkitchen.</li>\n 	<li>Detachablebottomdesign,fast-drainingspeed,moreconvenientcleaning,cleanandhygienic.</li>\n 	<li>PackageIncludes:</li>\n 	<li>1xSet</li>\n</ul>",,,taxable,,1,,,0,0,,,,,1,,39.88,49.24,"KITCHEN STORAGE",,,"https://luxuraboudoir.com/wp-content/uploads/2023/08/Multifunction-Black-White-Kitchen-Utensils-Holder.jpeg, https://luxuraboudoir.com/wp-content/uploads/2023/08/22138-8mne9c.jpeg, https://luxuraboudoir.com/wp-content/uploads/2023/08/22138-bkgtgv.jpeg, https://luxuraboudoir.com/wp-content/uploads/2023/08/22138-cvpntm.jpeg, https://luxuraboudoir.com/wp-content/uploads/2023/08/22138-doedjw-600x600-1.jpeg, https://luxuraboudoir.com/wp-content/uploads/2023/08/22138-fcdtei.jpeg, https://luxuraboudoir.com/wp-content/uploads/2023/08/22138-gdcpjj.jpg, https://luxuraboudoir.com/wp-content/uploads/2023/08/22138-gngd3o.jpeg, https://luxuraboudoir.com/wp-content/uploads/2023/08/22138-iupivx-600x600-1.jpeg, https://luxuraboudoir.com/wp-content/uploads/2023/08/22138-lv7rst-600x600-1.jpeg, https://luxuraboudoir.com/wp-content/uploads/2023/08/22138-odbv0n-600x600-1.jpeg, https://luxuraboudoir.com/wp-content/uploads/2023/08/22138-okqdyv.jpeg, https://luxuraboudoir.com/wp-content/uploads/2023/08/22138-t8rwih.jpg, https://luxuraboudoir.com/wp-content/uploads/2023/08/22138-ywjts1.jpg",,,,,,,,,0,
892,simple,32852670457,,"Natural Rattan Bread Basket",1,0,visible,,"<ul>\n 	<li>ItemType:BreadBaskets</li>\n 	<li>Material:Rattan</li>\n 	<li>Feature:Eco-Friendly</li>\n 	<li>PackageIncludes:</li>\n 	<li>1xBreadBasket</li>\n</ul>",,,taxable,,1,,,0,0,,,,,1,,,37.72,"KITCHEN STORAGE",,,"https://luxuraboudoir.com/wp-content/uploads/2023/08/Natural-Rattan-Bread-Basket.jpeg, https://luxuraboudoir.com/wp-content/uploads/2023/08/22146-dymmrn-768x722-1.jpeg, https://luxuraboudoir.com/wp-content/uploads/2023/08/22146-ep53ht-768x584-1.jpg, https://luxuraboudoir.com/wp-content/uploads/2023/08/22146-yrhd5t-768x702-1.jpg",,,,,,,,,0,
893,simple,33037321935,,"Plastic Food Container Set",1,0,visible,,"<ul>\n 	<li>ItemType:KitchenOrganizers</li>\n 	<li>Material:PP</li>\n 	<li>Size:16-22cm/6.30-8.66inch</li>\n 	<li>PackageIncludes:</li>\n 	<li>1xSet</li>\n</ul>",,,taxable,,1,,,0,0,,,,,1,,,55.09,"KITCHEN STORAGE",,,"https://luxuraboudoir.com/wp-content/uploads/2023/08/Plastic-Food-Container-Set.jpg, https://luxuraboudoir.com/wp-content/uploads/2023/08/22085-awe632.jpg, https://luxuraboudoir.com/wp-content/uploads/2023/08/22085-gtrxcy-768x768-1.jpg, https://luxuraboudoir.com/wp-content/uploads/2023/08/22085-k7qujn-768x768-1.jpg, https://luxuraboudoir.com/wp-content/uploads/2023/08/22085-nozuwn.jpg, https://luxuraboudoir.com/wp-content/uploads/2023/08/22085-ohwskv.jpg, https://luxuraboudoir.com/wp-content/uploads/2023/08/22085-qejgma.jpg, https://luxuraboudoir.com/wp-content/uploads/2023/08/22085-so37vy-768x768-1.jpg, https://luxuraboudoir.com/wp-content/uploads/2023/08/22085-z1zxei-768x768-1.jpg",,,,,,,,,0,
894,simple,33004681852,,"Reusable Seal Bag",1,0,visible,,"<ul>\n 	<li>ItemType:ReusableSealBag</li>\n 	<li>Material:PE</li>\n 	<li>Color:Purple/Blue/Yellow/Red</li>\n 	<li>Volume:1l/33.81oz,500ml/16.91oz,150ml/5.07oz</li>\n 	<li>PackageIncludes:</li>\n 	<li>1xZipperBagsSet</li>\n</ul>",,,taxable,,1,,,0,0,,,,,1,,,20.24,"KITCHEN STORAGE",,,"https://luxuraboudoir.com/wp-content/uploads/2023/08/Reusable-Seal-Bag.jpeg, https://luxuraboudoir.com/wp-content/uploads/2023/08/22080-9me5wa-768x768-1.jpg, https://luxuraboudoir.com/wp-content/uploads/2023/08/22080-aeay3j.jpg, https://luxuraboudoir.com/wp-content/uploads/2023/08/22080-cbs62o.jpg, https://luxuraboudoir.com/wp-content/uploads/2023/08/22080-knpccx.jpg, https://luxuraboudoir.com/wp-content/uploads/2023/08/22080-sykb06.jpg, https://luxuraboudoir.com/wp-content/uploads/2023/08/22080-u62nqw.jpg, https://luxuraboudoir.com/wp-content/uploads/2023/08/22080-vnfgub.jpg, https://luxuraboudoir.com/wp-content/uploads/2023/08/22080-xikhx7-768x768-1.jpg, https://luxuraboudoir.com/wp-content/uploads/2023/08/22080-z0l8od-768x768-1.jpg, https://luxuraboudoir.com/wp-content/uploads/2023/08/Reusable-Seal-Bag-1.jpeg",,,,,,,,,0,
895,simple,32960837794,,"Reusable Silicone Food Wrap Set",1,0,visible,,"<ul>\n 	<li>ItemType:FoodWrap</li>\n 	<li>Feature:Eco-Friendly</li>\n 	<li>Material:Silicone</li>\n 	<li>PackageIncludes:</li>\n 	<li>12xPcsSet</li>\n</ul>",,,taxable,,1,,,0,0,,,,,1,,,13.38,"KITCHEN STORAGE",,,"https://luxuraboudoir.com/wp-content/uploads/2023/08/Reusable-Silicone-Food-Wrap-Set.jpg, https://luxuraboudoir.com/wp-content/uploads/2023/08/22132-1hddpl.jpg, https://luxuraboudoir.com/wp-content/uploads/2023/08/22132-5jdynw.jpg, https://luxuraboudoir.com/wp-content/uploads/2023/08/22132-7tled9-600x600-1.jpg, https://luxuraboudoir.com/wp-content/uploads/2023/08/22132-97lis9.jpg, https://luxuraboudoir.com/wp-content/uploads/2023/08/22132-cku1xk-600x600-1.jpg, https://luxuraboudoir.com/wp-content/uploads/2023/08/22132-ctpsvt.jpg, https://luxuraboudoir.com/wp-content/uploads/2023/08/22132-czr3na.jpg, https://luxuraboudoir.com/wp-content/uploads/2023/08/22132-fuogyz.jpg, https://luxuraboudoir.com/wp-content/uploads/2023/08/22132-gyldqx.jpg, https://luxuraboudoir.com/wp-content/uploads/2023/08/22132-iso38u.jpg, https://luxuraboudoir.com/wp-content/uploads/2023/08/22132-knwzpt.jpg, https://luxuraboudoir.com/wp-content/uploads/2023/08/22132-lzmxfw.jpg, https://luxuraboudoir.com/wp-content/uploads/2023/08/22132-mcbfrd.jpg, https://luxuraboudoir.com/wp-content/uploads/2023/08/22132-onnicf-600x600-1.jpg, https://luxuraboudoir.com/wp-content/uploads/2023/08/22132-qdmqlt.jpg, https://luxuraboudoir.com/wp-content/uploads/2023/08/22132-ujykv3.jpg, https://luxuraboudoir.com/wp-content/uploads/2023/08/22132-uzbuft.jpg, https://luxuraboudoir.com/wp-content/uploads/2023/08/22132-voqnep-600x600-1.jpg, https://luxuraboudoir.com/wp-content/uploads/2023/08/22132-y2vbkq.jpg",,,,,,,,,0,
896,simple,1.005E+15,,"Woven Rattan Tray with Wooden Handles",1,0,visible,,"<ul>\n 	<li>ItemType:Trays</li>\n 	<li>Material:Wood,Rattan</li>\n 	<li>Features:Eco-Friendly</li>\n 	<li>Size:XS22cm/8.66inch,S24cm/9.45inch,M28cm/11.02inch,L32cm/12.60inch</li>\n 	<li>PackageIncludes:</li>\n 	<li>1xTray</li>\n</ul>",,,taxable,,1,,,0,0,,,,,1,,,24.28,"KITCHEN STORAGE",,,"https://luxuraboudoir.com/wp-content/uploads/2023/08/Woven-Rattan-Tray-with-Wooden-Handles.jpg, https://luxuraboudoir.com/wp-content/uploads/2023/08/22141-f2ea9d.jpg, https://luxuraboudoir.com/wp-content/uploads/2023/08/22141-h1wsvg.jpg, https://luxuraboudoir.com/wp-content/uploads/2023/08/22141-l7qr8z-1.jpg, https://luxuraboudoir.com/wp-content/uploads/2023/08/22141-l7qr8z.jpg, https://luxuraboudoir.com/wp-content/uploads/2023/08/22141-om5qyw.jpg, https://luxuraboudoir.com/wp-content/uploads/2023/08/22141-rbwjou.jpg, https://luxuraboudoir.com/wp-content/uploads/2023/08/22141-rnup2z.jpg, https://luxuraboudoir.com/wp-content/uploads/2023/08/22141-rwl934.jpg",,,,,,,,,0,
1009,simple,3.29E+10,,"Cute Bear Striped Printed Cotton Cooking Apron",1,0,visible,,"<ul>\n 	<li>ItemType:CookingApron</li>\n 	<li>Material:Cotton,Polyester</li>\n 	<li>Size:67x74cm/26.4x29.1inch</li>\n 	<li>Weight:0.155kg/0.34lb</li>\n 	<li>PackageIncludes:</li>\n 	<li>1xPc</li>\n</ul>",,,taxable,,1,,,0,0,,,,,1,,19.42,21.98,"APRON & HATS",,,"https://luxuraboudoir.com/wp-content/uploads/2023/08/Cute-Bear-Striped-Printed-Cotton-Cooking-Apron.jpg, https://luxuraboudoir.com/wp-content/uploads/2023/08/22453-c0myku.jpg, https://luxuraboudoir.com/wp-content/uploads/2023/08/22453-fzqcr5.jpg, https://luxuraboudoir.com/wp-content/uploads/2023/08/22453-kdikdh.jpg, https://luxuraboudoir.com/wp-content/uploads/2023/08/22453-qtykd8.jpg, https://luxuraboudoir.com/wp-content/uploads/2023/08/22453-uxppth.jpg",,,,,,,,,0,
1010,simple,32978435820,,"Lady Like Style Apron",1,0,visible,,"<ul>\n 	<li>ItemType:Aprons</li>\n 	<li>Material:Cotton,Linen</li>\n 	<li>Feature:Eco-Friendly</li>\n 	<li>Size:115cm/45.28inch</li>\n 	<li>PackageIncludes:</li>\n 	<li>1xApron</li>\n</ul>",,,taxable,,1,,,0,0,,,,,1,,,31.2,"APRON & HATS",,,"https://luxuraboudoir.com/wp-content/uploads/2023/08/Lady-Like-Style-Apron.jpg, https://luxuraboudoir.com/wp-content/uploads/2023/08/22350-8tvtvs.jpg, https://luxuraboudoir.com/wp-content/uploads/2023/08/22350-9sq7n1-1.jpg, https://luxuraboudoir.com/wp-content/uploads/2023/08/22350-c0rvin.jpg, https://luxuraboudoir.com/wp-content/uploads/2023/08/22350-e8iho8.jpg, https://luxuraboudoir.com/wp-content/uploads/2023/08/22350-ebzy8s.jpg, https://luxuraboudoir.com/wp-content/uploads/2023/08/22350-iia5sb.jpg, https://luxuraboudoir.com/wp-content/uploads/2023/08/22350-jhpxw2.jpg, https://luxuraboudoir.com/wp-content/uploads/2023/08/22350-jjfqhw.jpg, https://luxuraboudoir.com/wp-content/uploads/2023/08/22350-jnvq0b.jpg, https://luxuraboudoir.com/wp-content/uploads/2023/08/22350-mhroxb.jpg, https://luxuraboudoir.com/wp-content/uploads/2023/08/22350-nmmoiw.jpg, https://luxuraboudoir.com/wp-content/uploads/2023/08/22350-okmnoy.jpg, https://luxuraboudoir.com/wp-content/uploads/2023/08/22350-q9u0ky.jpg, https://luxuraboudoir.com/wp-content/uploads/2023/08/22350-tubfq4.jpg, https://luxuraboudoir.com/wp-content/uploads/2023/08/22350-vhzzuo-1.jpg, https://luxuraboudoir.com/wp-content/uploads/2023/08/22350-vhzzuo.jpg, https://luxuraboudoir.com/wp-content/uploads/2023/08/22350-wc0hgo.jpg, https://luxuraboudoir.com/wp-content/uploads/2023/08/22350-whz9zf.jpg",,,,,,,,,0,
1011,simple,4000608286634,,"Coconut Leaf Printed Coffee Shop Barista Apron",1,0,visible,,"<ul>\n 	<li>Item Type: Barista Apron</li>\n 	<li>Gender: Unisex</li>\n 	<li>Material: Worsted Cotton</li>\n 	<li>Size: 76 x 65 cm / 29.92 x 25.59 inch</li>\n 	<li>Washing Instructions:</li>\n 	<li>\n<ol>\n 	<li>Hand washing at room temperature is recommended.</li>\n 	<li>Do not soak for a long time, usually 15 minutes.</li>\n 	<li>Do not rub the printed part for a long time.</li>\n</ol>\n</li>\n</ul>\n<strong>Package Includes:</strong>\n<ul>\n 	<li>1 x Pc</li>\n</ul>",,,taxable,,1,,,0,0,,,,,1,,14.36,17.96,"APRON & HATS",,,"https://luxuraboudoir.com/wp-content/uploads/2023/08/Coconut-Leaf-Printed-Coffee-Shop-Barista-Apron.jpg, https://luxuraboudoir.com/wp-content/uploads/2023/08/22461-4t7igf-600x600-1.jpg, https://luxuraboudoir.com/wp-content/uploads/2023/08/22461-5um6m2.jpg, https://luxuraboudoir.com/wp-content/uploads/2023/08/22461-60uebw-600x600-1.jpg, https://luxuraboudoir.com/wp-content/uploads/2023/08/22461-72bhjc-600x600-1.jpg, https://luxuraboudoir.com/wp-content/uploads/2023/08/22461-367vix.jpg, https://luxuraboudoir.com/wp-content/uploads/2023/08/22461-dps7yh.jpg, https://luxuraboudoir.com/wp-content/uploads/2023/08/22461-e4yytm.jpg, https://luxuraboudoir.com/wp-content/uploads/2023/08/22461-fw3pix.jpg, https://luxuraboudoir.com/wp-content/uploads/2023/08/22461-ggix6y.jpg, https://luxuraboudoir.com/wp-content/uploads/2023/08/22461-gucpkf-600x600-1.jpg, https://luxuraboudoir.com/wp-content/uploads/2023/08/22461-kagpww-600x600-1.jpg, https://luxuraboudoir.com/wp-content/uploads/2023/08/22461-lgbutk.jpg, https://luxuraboudoir.com/wp-content/uploads/2023/08/22461-nof125.jpg, https://luxuraboudoir.com/wp-content/uploads/2023/08/22461-phn2y5.jpg, https://luxuraboudoir.com/wp-content/uploads/2023/08/22461-qyu4tv.jpg, https://luxuraboudoir.com/wp-content/uploads/2023/08/22461-tpjrtt.jpg",,,,,,,,,0,
1013,simple,4000724477793,,"Coffee Shop Barista Overall for Women",1,0,visible,,"<ul>\n 	<li>Item Type: Barista Apron</li>\n 	<li>Gender: Women</li>\n 	<li>Material: Polyester / Cotton</li>\n 	<li>Size: 114 x 66 x 86 cm / 44.88 x 25.98 x 33.86 inch</li>\n</ul>\n<strong>Package Includes:</strong>\n<ul>\n 	<li>1 x Pc</li>\n</ul>",,,taxable,,1,,,0,0,,,,,1,,36.88,40.98,"APRON & HATS",,,"https://luxuraboudoir.com/wp-content/uploads/2023/08/Coffee-Shop-Barista-Overall-for-Women.jpg, https://luxuraboudoir.com/wp-content/uploads/2023/08/22371-675bry.jpg, https://luxuraboudoir.com/wp-content/uploads/2023/08/22371-a6pn17.jpg, https://luxuraboudoir.com/wp-content/uploads/2023/08/22371-ehclau-600x600-1.jpg, https://luxuraboudoir.com/wp-content/uploads/2023/08/22371-f2zcdq-600x600-1.jpg, https://luxuraboudoir.com/wp-content/uploads/2023/08/22371-hxk88u.jpg, https://luxuraboudoir.com/wp-content/uploads/2023/08/22371-iitzgv.jpg, https://luxuraboudoir.com/wp-content/uploads/2023/08/22371-ixrxyy.jpg, https://luxuraboudoir.com/wp-content/uploads/2023/08/22371-iyobvt-600x600-1.jpg, https://luxuraboudoir.com/wp-content/uploads/2023/08/22371-jywoyw.jpg, https://luxuraboudoir.com/wp-content/uploads/2023/08/22371-khmc5x.jpg, https://luxuraboudoir.com/wp-content/uploads/2023/08/22371-kkbp3r.jpg, https://luxuraboudoir.com/wp-content/uploads/2023/08/22371-mujxax-600x600-1.jpg, https://luxuraboudoir.com/wp-content/uploads/2023/08/22371-rkoyg4-600x600-1.jpg, https://luxuraboudoir.com/wp-content/uploads/2023/08/22371-taiorf.jpg, https://luxuraboudoir.com/wp-content/uploads/2023/08/22371-wkxi2y.jpg, https://luxuraboudoir.com/wp-content/uploads/2023/08/22371-xrsnsc.jpg",,,,,,,,,0,
1016,simple,4001236515196,,"Japanese Style Cotton and Hemp Apron",1,0,visible,,"<ul>\n 	<li>Item Type: Aprons</li>\n 	<li>Material: Cotton, Hemp</li>\n 	<li>Size: 80 x 68 cm / 31.50 x 26.77 inch</li>\n</ul>\n<strong>Package Includes: </strong>\n<ul>\n 	<li>1 x Apron</li>\n</ul>",,,taxable,,1,,,0,0,,,,,1,,13.18,16.48,"APRON & HATS",,,"https://luxuraboudoir.com/wp-content/uploads/2023/08/Japanese-Style-Cotton-and-Hemp-Apron.jpg, https://luxuraboudoir.com/wp-content/uploads/2023/08/22449-1leyam.jpg, https://luxuraboudoir.com/wp-content/uploads/2023/08/22449-6bxnmx.jpg, https://luxuraboudoir.com/wp-content/uploads/2023/08/22449-6qfpgz.jpg, https://luxuraboudoir.com/wp-content/uploads/2023/08/22449-42q6c7.jpg, https://luxuraboudoir.com/wp-content/uploads/2023/08/22449-auvk7y.jpg, https://luxuraboudoir.com/wp-content/uploads/2023/08/22449-g1xiui.jpg, https://luxuraboudoir.com/wp-content/uploads/2023/08/22449-ipumd3.jpg, https://luxuraboudoir.com/wp-content/uploads/2023/08/22449-jwnkzq.jpg, https://luxuraboudoir.com/wp-content/uploads/2023/08/22449-mtt5ww.jpg, https://luxuraboudoir.com/wp-content/uploads/2023/08/22449-x7o4t9.jpg, https://luxuraboudoir.com/wp-content/uploads/2023/08/22449-ybi3we.jpg, https://luxuraboudoir.com/wp-content/uploads/2023/08/22449-youtzv.jpg",,,,,,,,,0,
1019,simple,33009603517,,"Kitchen Apron for Cooking",1,0,visible,,"<ul>\n 	<li>Item Type: Apron</li>\n 	<li>Material: Polyester</li>\n 	<li>Gender: Unisex</li>\n 	<li>Dimensions: 70 x 72 x 47 cm / 27.56 x 28.35 x 18.50 inch</li>\n</ul>\n<strong>Package Includes:</strong>\n<ul>\n 	<li>1 x Pc</li>\n</ul>",,,taxable,,1,,,0,0,,,,,1,,19.16,34.84,"APRON & HATS",,,"https://luxuraboudoir.com/wp-content/uploads/2023/08/Kitchen-Apron-for-Cooking.jpg, https://luxuraboudoir.com/wp-content/uploads/2023/08/22470-6lvnvw.jpg, https://luxuraboudoir.com/wp-content/uploads/2023/08/22470-gceynj.jpg, https://luxuraboudoir.com/wp-content/uploads/2023/08/22470-hadb8n.jpg, https://luxuraboudoir.com/wp-content/uploads/2023/08/22470-jci1cf.jpg, https://luxuraboudoir.com/wp-content/uploads/2023/08/22470-kgcfpk.jpg, https://luxuraboudoir.com/wp-content/uploads/2023/08/22470-ks5npa.jpg, https://luxuraboudoir.com/wp-content/uploads/2023/08/22470-p1mqim.jpg, https://luxuraboudoir.com/wp-content/uploads/2023/08/22470-xal6yr.jpg",,,,,,,,,0,
1022,simple,1005001365327164,,"Nordic Letter Patterned Leather Waterproof Apron",1,0,visible,,"<ul data-spm-anchor-id=""a2g0o.detail.0.i17.24296fc3Jc8Czi"">\n 	<li>Item Type: Apron</li>\n 	<li>Material: Leather</li>\n 	<li>Classification: Sleeveless Apron</li>\n 	<li>Color: Beige /Brown</li>\n 	<li>Size: 73.5cm*63.4cm</li>\n</ul>\n<strong>Package includes:</strong>\n<ul>\n 	<li>1 x Pc</li>\n</ul>",,,taxable,,1,,,0,0,,,,,1,,31.20,48.00,"APRON & HATS",,,"https://luxuraboudoir.com/wp-content/uploads/2023/08/Nordic-Letter-Patterned-Leather-Waterproof-Apron.jpg, https://luxuraboudoir.com/wp-content/uploads/2023/08/22446-7rdt5u-600x600-1.jpg, https://luxuraboudoir.com/wp-content/uploads/2023/08/22446-8zxqwx-1.jpg, https://luxuraboudoir.com/wp-content/uploads/2023/08/22446-pbalyz-600x600-1.jpg, https://luxuraboudoir.com/wp-content/uploads/2023/08/22446-xj2kmt-600x600-1.jpg, https://luxuraboudoir.com/wp-content/uploads/2023/08/22446-yuflpy-600x600-1.jpg",,,,,,,,,0,
1025,simple,4001189159166,,"Solid Color Apron",1,0,visible,,"<ul>\n 	<li>Item Type: Aprons</li>\n 	<li>Material: Cotton</li>\n 	<li>Feature: Eco-Friendly</li>\n 	<li>Size: 110 cm / 43.31 inch</li>\n</ul>\n<strong>Package Includes:</strong>\n<ul>\n 	<li>1 x Apron</li>\n</ul>",,,taxable,,1,,,0,0,,,,,1,,,21.16,"APRON & HATS",,,"https://luxuraboudoir.com/wp-content/uploads/2023/08/Solid-Color-Apron.jpg, https://luxuraboudoir.com/wp-content/uploads/2023/08/22430-aw98rk.jpg, https://luxuraboudoir.com/wp-content/uploads/2023/08/22430-d1mvb1.jpg, https://luxuraboudoir.com/wp-content/uploads/2023/08/22430-jxej6u.jpg, https://luxuraboudoir.com/wp-content/uploads/2023/08/22430-nns19k.jpg, https://luxuraboudoir.com/wp-content/uploads/2023/08/22430-oyqx9p.jpg",,,,,,,,,0,
1028,simple,1005001580210259,,"Stylish Apron",1,0,visible,,"<ul>\n 	<li>Item Type: Aprons</li>\n 	<li>Material: Cotton</li>\n 	<li>Feature: Eco-Friendly</li>\n 	<li>Size: 77 x 63 cm / 30.31 x 24.80 inch</li>\n</ul>\n<strong>Package Includes:</strong>\n<ul>\n 	<li>1 x Apron</li>\n</ul>",,,taxable,,1,,,0,0,,,,,1,,,28.64,"APRON & HATS",,,"https://luxuraboudoir.com/wp-content/uploads/2023/08/Stylish-Apron.jpg, https://luxuraboudoir.com/wp-content/uploads/2023/08/22380-0wj8vf.jpg, https://luxuraboudoir.com/wp-content/uploads/2023/08/22380-4tkhqj.jpg, https://luxuraboudoir.com/wp-content/uploads/2023/08/22380-7uwxlf.jpg, https://luxuraboudoir.com/wp-content/uploads/2023/08/22380-85dj55.jpg, https://luxuraboudoir.com/wp-content/uploads/2023/08/22380-ahkkbk.jpg, https://luxuraboudoir.com/wp-content/uploads/2023/08/22380-ctwbln.jpg, https://luxuraboudoir.com/wp-content/uploads/2023/08/22380-ep1oax.jpg, https://luxuraboudoir.com/wp-content/uploads/2023/08/22380-fdk4og.jpg, https://luxuraboudoir.com/wp-content/uploads/2023/08/22380-gmifch-1.jpg, https://luxuraboudoir.com/wp-content/uploads/2023/08/22380-m1w7ak.jpg, https://luxuraboudoir.com/wp-content/uploads/2023/08/22380-mhbrxy.jpg, https://luxuraboudoir.com/wp-content/uploads/2023/08/22380-nuhasq.jpg, https://luxuraboudoir.com/wp-content/uploads/2023/08/22380-nzld4m.jpg, https://luxuraboudoir.com/wp-content/uploads/2023/08/22380-oelwfo.jpg, https://luxuraboudoir.com/wp-content/uploads/2023/08/22380-pqxyyx.jpg, https://luxuraboudoir.com/wp-content/uploads/2023/08/22380-tbempp.jpg, https://luxuraboudoir.com/wp-content/uploads/2023/08/22380-u0klvs.jpg, https://luxuraboudoir.com/wp-content/uploads/2023/08/22380-wgas0q.jpg, https://luxuraboudoir.com/wp-content/uploads/2023/08/22380-wvrc3w.jpg, https://luxuraboudoir.com/wp-content/uploads/2023/08/22380-yhdqse.jpg, https://luxuraboudoir.com/wp-content/uploads/2023/08/22380-zbzbwq.jpg",,,,,,,,,0,
1031,simple,4000366621555,,"Women's Barista Denim Bib Apron",1,0,visible,,"<ul>\n 	<li>Item Type: Barista Apron</li>\n 	<li>Gender: Women</li>\n 	<li>Material: Denim (Cotton)</li>\n 	<li>Size: 78 x 72 cm / 30.7 x 28.3 inch</li>\n</ul>\n<strong>Package Includes:</strong>\n<ul>\n 	<li>1 x Pc</li>\n</ul>",,,taxable,,1,,,0,0,,,,,1,,35.78,39.76,"APRON & HATS",,,"https://luxuraboudoir.com/wp-content/uploads/2023/08/Womens-Barista-Denim-Bib-Apron.jpg, https://luxuraboudoir.com/wp-content/uploads/2023/08/22465-atuf24.jpg, https://luxuraboudoir.com/wp-content/uploads/2023/08/22465-eq31uh.jpg, https://luxuraboudoir.com/wp-content/uploads/2023/08/22465-ew3fob.jpg, https://luxuraboudoir.com/wp-content/uploads/2023/08/22465-fsa00i.jpg, https://luxuraboudoir.com/wp-content/uploads/2023/08/22465-hsjo6e.jpg, https://luxuraboudoir.com/wp-content/uploads/2023/08/22465-ie2y3k.jpg, https://luxuraboudoir.com/wp-content/uploads/2023/08/22465-rzplai.jpg, https://luxuraboudoir.com/wp-content/uploads/2023/08/22465-ukzrqq.jpg, https://luxuraboudoir.com/wp-content/uploads/2023/08/22465-v09njl.jpg, https://luxuraboudoir.com/wp-content/uploads/2023/08/22465-zhnseg.jpg",,,,,,,,,0,
